Handle,Title,Body (HTML),Vendor,Product Category,Type,Tags,Published,Option1 Name,Option1 Value,Variant SKU,Variant Grams,Variant Inventory Tracker,Variant Inventory Policy,Variant Fulfillment Service,Variant Price,Variant Compare At Price,Variant Requires Shipping,Variant Taxable,Image Src,SEO Title,SEO Description,Google Shopping / Google Product Category,Google Shopping / Custom Label 0,Google Shopping / Condition,Google Shopping / Availability,Nighantu Crosslink URL
ashwagandha,Ashwagandha,"<p>Traditional Ayurvedic adaptogenic support formulated with pure Ashwagandha (Withania somnifera) root extract. Supports physiological resistance to occasional daily stress, promotes vitality, muscle strength, and restful sleep without sedation. Pacifies aggravated Vata dosha. Manufactured by Nitya Naturals Pvt Ltd, Prayagraj. Classical AYUSH licensed formulation.</p><h4>Key Ayurvedic Benefits:</h4><ul><li>Adaptogenic stress support</li><li>Vitality & energy maintenance</li><li>Supports natural restorative sleep</li><li>Vata pacification</li></ul><p><strong>Ayurvedic Herb Reference:</strong> Learn about the classical botanical grounding and pharmacological properties in our verified <a href='https://nighantu.ageayurveda.com/herb/ashwagandha/' target='_blank' rel='noopener'>Age Ayurveda Nighantu monograph</a>.</p><p><small>Manufactured by Nitya Naturals Pvt Ltd, Prayagraj. Classical AYUSH licensed production.</small></p>",Age Ayurveda,Health & Beauty > Health Care > Holistic & Alternative Medicine,Stress & Energy,"Ayurveda, Stress & Energy, Nighantu Verified",TRUE,Title,Default Title,AA-001,150,shopify,continue,manual,479,,TRUE,TRUE,https://cdn.shopify.com/s/files/1/0950/5715/0251/files/DSC04420copy.jpg?v=1756121134,Age Ayurveda Ashwagandha Capsules (500mg) | Withania Somnifera Stress & Vitality Support,Traditional Ayurvedic adaptogenic support formulated with pure Ashwagandha (Withania somnifera) root extract. Supports physiological resistance to occasional da,569,Compliant Supplement,new,in stock,https://nighantu.ageayurveda.com/herb/ashwagandha/
immuno-plus,Immuno Plus,"<p>A synergistic blend of 7 traditional herbs including Giloy (Guduchi), Tulsi, Amla, Kalmegh, and Mulethi. Formulated to support upper respiratory tract wellness, maintain healthy antioxidant defense, and balance Pitta-Kapha doshas. Manufactured by Nitya Naturals Pvt Ltd, Prayagraj under strict AYUSH Good Manufacturing Practices.</p><h4>Key Ayurvedic Benefits:</h4><ul><li>Immune system support</li><li>Respiratory wellness</li><li>Antioxidant defense</li><li>Pitta-Kapha balance</li></ul><p><strong>Ayurvedic Herb Reference:</strong> Learn about the classical botanical grounding and pharmacological properties in our verified <a href='https://nighantu.ageayurveda.com/herb/guduchi/' target='_blank' rel='noopener'>Age Ayurveda Nighantu monograph</a>.</p><p><small>Manufactured by Nitya Naturals Pvt Ltd, Prayagraj. Classical AYUSH licensed production.</small></p>",Age Ayurveda,Health & Beauty > Health Care > Holistic & Alternative Medicine,Immunity,"Ayurveda, Immunity, Nighantu Verified",TRUE,Title,Default Title,AA-002,150,shopify,continue,manual,488,,TRUE,TRUE,https://cdn.shopify.com/s/files/1/0950/5715/0251/files/DSC_3109.jpg?v=1756121121,Age Ayurveda Immuno Plus Capsules | 7-Herb Daily Immune & Respiratory Support,"A synergistic blend of 7 traditional herbs including Giloy (Guduchi), Tulsi, Amla, Kalmegh, and Mulethi. Formulated to support upper respiratory tract wellness,",569,Compliant Supplement,new,in stock,https://nighantu.ageayurveda.com/herb/guduchi/
acid-relief,Acid Relief,"<p>A cooling classical botanical formulation containing Amla, Haritaki, and traditional Avipattikar herbs. Promotes digestive comfort after meals, supports normal gastric acidity balance, and soothes Pitta-related internal heat. Does not inhibit natural digestive agni. Manufactured by Nitya Naturals Pvt Ltd, Prayagraj under AYUSH license.</p><h4>Key Ayurvedic Benefits:</h4><ul><li>Digestive comfort after meals</li><li>Normal gastric balance</li><li>Cooling Pitta shamana</li><li>Supports healthy agni</li></ul><p><strong>Ayurvedic Herb Reference:</strong> Learn about the classical botanical grounding and pharmacological properties in our verified <a href='https://nighantu.ageayurveda.com/formulation/avipattikar-churna/' target='_blank' rel='noopener'>Age Ayurveda Nighantu monograph</a>.</p><p><small>Manufactured by Nitya Naturals Pvt Ltd, Prayagraj. Classical AYUSH licensed production.</small></p>",Age Ayurveda,Health & Beauty > Health Care > Holistic & Alternative Medicine,Digestive Health,"Ayurveda, Digestive Health, Nighantu Verified",TRUE,Title,Default Title,AA-003,150,shopify,continue,manual,479,,TRUE,TRUE,https://cdn.shopify.com/s/files/1/0950/5715/0251/files/DSC_3084.jpg?v=1760359362,Age Ayurveda Acid Relief Capsules | Cooling Pitta Shamana & Digestive Fire Support,"A cooling classical botanical formulation containing Amla, Haritaki, and traditional Avipattikar herbs. Promotes digestive comfort after meals, supports normal ",569,Compliant Supplement,new,in stock,https://nighantu.ageayurveda.com/formulation/avipattikar-churna/
haridra,Haridra,"<p>Standardized high-potency Haridra (Curcuma longa) rhizome extract rich in natural curcuminoids. Supports joint flexibility, cellular antioxidant protection, and healthy skin vitality. Pacifies aggravated Vata and Kapha in musculoskeletal tissues. Manufactured by Nitya Naturals Pvt Ltd, Prayagraj under AYUSH license.</p><h4>Key Ayurvedic Benefits:</h4><ul><li>Joint flexibility and comfort</li><li>Antioxidant cellular defense</li><li>Skin vitality</li><li>Vata-Kapha balance</li></ul><p><strong>Ayurvedic Herb Reference:</strong> Learn about the classical botanical grounding and pharmacological properties in our verified <a href='https://nighantu.ageayurveda.com/herb/haridra/' target='_blank' rel='noopener'>Age Ayurveda Nighantu monograph</a>.</p><p><small>Manufactured by Nitya Naturals Pvt Ltd, Prayagraj. Classical AYUSH licensed production.</small></p>",Age Ayurveda,Health & Beauty > Health Care > Holistic & Alternative Medicine,Joint Health,"Ayurveda, Joint Health, Nighantu Verified",TRUE,Title,Default Title,AA-004,150,shopify,continue,manual,485,,TRUE,TRUE,https://cdn.shopify.com/s/files/1/0950/5715/0251/files/DSC04429.jpg?v=1756121096,Age Ayurveda Haridra Turmeric Capsules (500mg) | Curcumin Joint Mobility & Antioxidant Support,"Standardized high-potency Haridra (Curcuma longa) rhizome extract rich in natural curcuminoids. Supports joint flexibility, cellular antioxidant protection, and",569,Compliant Supplement,new,in stock,https://nighantu.ageayurveda.com/herb/haridra/
bowel-kare,Bowel Kare,"<p>Gentle, non-habit-forming herbal colon support incorporating Haritaki and classical carminative botanicals. Supports daily natural bowel elimination, promotes healthy intestinal motility, and pacifies Apana Vata. Manufactured by Nitya Naturals Pvt Ltd, Prayagraj under AYUSH license.</p><h4>Key Ayurvedic Benefits:</h4><ul><li>Supports natural bowel regularity</li><li>Promotes colon cleansing</li><li>Non-habit forming digestive care</li><li>Apana Vata support</li></ul><p><strong>Ayurvedic Herb Reference:</strong> Learn about the classical botanical grounding and pharmacological properties in our verified <a href='https://nighantu.ageayurveda.com/herb/haritaki/' target='_blank' rel='noopener'>Age Ayurveda Nighantu monograph</a>.</p><p><small>Manufactured by Nitya Naturals Pvt Ltd, Prayagraj. Classical AYUSH licensed production.</small></p>",Age Ayurveda,Health & Beauty > Health Care > Holistic & Alternative Medicine,Digestive Health,"Ayurveda, Digestive Health, Nighantu Verified",TRUE,Title,Default Title,AA-005,150,shopify,continue,manual,467,,TRUE,TRUE,https://cdn.shopify.com/s/files/1/0950/5715/0251/files/DSC_3024copy.jpg?v=1756121074,Age Ayurveda Bowel Kare Capsules | Gentle Colon Cleansing & Regularity Support,"Gentle, non-habit-forming herbal colon support incorporating Haritaki and classical carminative botanicals. Supports daily natural bowel elimination, promotes h",569,Compliant Supplement,new,in stock,https://nighantu.ageayurveda.com/herb/haritaki/
chyawanprash,Chyawanprash Avaleha,"<p>Authentic classical Rasayana paste prepared with wild-harvested fresh Amla (Phyllanthus emblica), clarified butter (ghee), raw honey, and over 40 traditional forest herbs. Rich in natural bioavailable Vitamin C. Supports seasonal immune resilience, respiratory vigor, and tissue nourishment (Ojas). Manufactured by Nitya Naturals Pvt Ltd, Prayagraj under classical AYUSH guidelines.</p><h4>Key Ayurvedic Benefits:</h4><ul><li>Classical Rasayana nourishment</li><li>Seasonal immune resilience</li><li>Upper respiratory support</li><li>Rich in natural Vitamin C</li></ul><p><strong>Ayurvedic Herb Reference:</strong> Learn about the classical botanical grounding and pharmacological properties in our verified <a href='https://nighantu.ageayurveda.com/formulation/chyawanprash/' target='_blank' rel='noopener'>Age Ayurveda Nighantu monograph</a>.</p><p><small>Manufactured by Nitya Naturals Pvt Ltd, Prayagraj. Classical AYUSH licensed production.</small></p>",Age Ayurveda,Health & Beauty > Health Care > Holistic & Alternative Medicine,Immunity,"Ayurveda, Immunity, Nighantu Verified",TRUE,Title,Default Title,AA-006,150,shopify,continue,manual,375,,TRUE,TRUE,https://cdn.shopify.com/s/files/1/0950/5715/0251/files/DSC_3009.jpg?v=1756121023,Age Ayurveda Classical Chyawanprash Avaleha (500g) | Pure Amla Rasayana for Family Vitality,"Authentic classical Rasayana paste prepared with wild-harvested fresh Amla (Phyllanthus emblica), clarified butter (ghee), raw honey, and over 40 traditional fo",569,Compliant Supplement,new,in stock,https://nighantu.ageayurveda.com/formulation/chyawanprash/
chyawan-cap,Chyawan Cap,"<p>The traditional therapeutic essence of Chyawanprash Rasayana encapsulated in convenient, sugar-free vegetable capsules. Ideal for modern schedules and diabetic lifestyle regimens. Supports cellular vitality, metabolic stamina, and respiratory health. Manufactured by Nitya Naturals Pvt Ltd, Prayagraj.</p><h4>Key Ayurvedic Benefits:</h4><ul><li>Convenient daily Rasayana</li><li>Sugar-free immunity formula</li><li>Metabolic stamina</li><li>Respiratory support</li></ul><p><strong>Ayurvedic Herb Reference:</strong> Learn about the classical botanical grounding and pharmacological properties in our verified <a href='https://nighantu.ageayurveda.com/formulation/chyawanprash/' target='_blank' rel='noopener'>Age Ayurveda Nighantu monograph</a>.</p><p><small>Manufactured by Nitya Naturals Pvt Ltd, Prayagraj. Classical AYUSH licensed production.</small></p>",Age Ayurveda,Health & Beauty > Health Care > Holistic & Alternative Medicine,Immunity,"Ayurveda, Immunity, Nighantu Verified",TRUE,Title,Default Title,AA-007,150,shopify,continue,manual,339,,TRUE,TRUE,https://cdn.shopify.com/s/files/1/0950/5715/0251/files/DSC_3016.jpg?v=1756121109,Age Ayurveda Chyawan Cap Capsules | Convenient Chyawanprash Extract on the Go,"The traditional therapeutic essence of Chyawanprash Rasayana encapsulated in convenient, sugar-free vegetable capsules. Ideal for modern schedules and diabetic ",569,Compliant Supplement,new,in stock,https://nighantu.ageayurveda.com/formulation/chyawanprash/
natural-sleep-aid,Natural Sleep Aid,"<p>Non-sedating herbal evening formulation featuring Indian Valerian (Tagara), Jatamansi, and Ashwagandha. Calms an overactive nervous system, eases racing thoughts, and supports natural circadian sleep cycles without morning grogginess. Pacifies Prana and Vyana Vata. Manufactured by Nitya Naturals Pvt Ltd, Prayagraj under AYUSH license.</p><h4>Key Ayurvedic Benefits:</h4><ul><li>Promotes restful natural sleep cycles</li><li>Eases daily mental restlessness</li><li>Non-groggy waking</li><li>Vata calming support</li></ul><p><strong>Ayurvedic Herb Reference:</strong> Learn about the classical botanical grounding and pharmacological properties in our verified <a href='https://nighantu.ageayurveda.com/herb/tagara/' target='_blank' rel='noopener'>Age Ayurveda Nighantu monograph</a>.</p><p><small>Manufactured by Nitya Naturals Pvt Ltd, Prayagraj. Classical AYUSH licensed production.</small></p>",Age Ayurveda,Health & Beauty > Health Care > Holistic & Alternative Medicine,Sleep & Stress,"Ayurveda, Sleep & Stress, Nighantu Verified",TRUE,Title,Default Title,AA-008,150,shopify,continue,manual,899,,TRUE,TRUE,https://cdn.shopify.com/s/files/1/0950/5715/0251/files/DSC_3045copy.jpg?v=1756120146,Age Ayurveda Natural Sleep Aid Capsules | Tagara & Ashwagandha Restful Night Formula,"Non-sedating herbal evening formulation featuring Indian Valerian (Tagara), Jatamansi, and Ashwagandha. Calms an overactive nervous system, eases racing thought",569,Compliant Supplement,new,in stock,https://nighantu.ageayurveda.com/herb/tagara/
adhd-ease,ADHD Ease,"<p>A classical six-herb Medhya Rasayana formulation featuring Brahmi (Bacopa monnieri), Shankhpushpi, and Mandukaparni. Supports mental alertness, sustained task focus, and emotional composure. Formulated to balance mental agitation (Chitta Vritti) while avoiding lethargy. Manufactured by Nitya Naturals Pvt Ltd, Prayagraj. Note: Supportive wellness formulation, not a prescription alternative.</p><h4>Key Ayurvedic Benefits:</h4><ul><li>Cognitive clarity & focus</li><li>Supports calm mental attention</li><li>Medhya Rasayana brain tonic</li><li>Non-drowsy</li></ul><p><strong>Ayurvedic Herb Reference:</strong> Learn about the classical botanical grounding and pharmacological properties in our verified <a href='https://nighantu.ageayurveda.com/herb/brahmi/' target='_blank' rel='noopener'>Age Ayurveda Nighantu monograph</a>.</p><p><small>Manufactured by Nitya Naturals Pvt Ltd, Prayagraj. Classical AYUSH licensed production.</small></p>",Age Ayurveda,Health & Beauty > Health Care > Holistic & Alternative Medicine,Brain Health,"Ayurveda, Brain Health, Nighantu Verified",TRUE,Title,Default Title,AA-009,150,shopify,continue,manual,960,,TRUE,TRUE,https://cdn.shopify.com/s/files/1/0950/5715/0251/files/DSC_3054copy.jpg?v=1756119810,Age Ayurveda Medhya Rasayana Capsules | Traditional Cognitive Focus & Calm Support,"A classical six-herb Medhya Rasayana formulation featuring Brahmi (Bacopa monnieri), Shankhpushpi, and Mandukaparni. Supports mental alertness, sustained task f",569,Compliant Supplement,new,in stock,https://nighantu.ageayurveda.com/herb/brahmi/
sugar-formula,Sugar Formula,"<p>A synergistic blend of Meshashringi (Gymnema sylvestre), Jamun seed, Vijaysar, and Karela. Traditionally used in Ayurveda to maintain healthy glucose metabolism within normal limits and support pancreatic digestive fire (Agni). Kapha-Pitta pacifying. Manufactured by Nitya Naturals Pvt Ltd, Prayagraj under AYUSH license.</p><h4>Key Ayurvedic Benefits:</h4><ul><li>Maintains healthy glucose balance</li><li>Pancreatic Agni support</li><li>Traditional Kapha-Pitta shamana</li><li>Supports carbohydrate metabolism</li></ul><p><strong>Ayurvedic Herb Reference:</strong> Learn about the classical botanical grounding and pharmacological properties in our verified <a href='https://nighantu.ageayurveda.com/herb/meshashringi/' target='_blank' rel='noopener'>Age Ayurveda Nighantu monograph</a>.</p><p><small>Manufactured by Nitya Naturals Pvt Ltd, Prayagraj. Classical AYUSH licensed production.</small></p>",Age Ayurveda,Health & Beauty > Health Care > Holistic & Alternative Medicine,Blood Sugar,"Ayurveda, Blood Sugar, Nighantu Verified",TRUE,Title,Default Title,AA-010,150,shopify,continue,manual,719,,TRUE,TRUE,https://cdn.shopify.com/s/files/1/0950/5715/0251/files/DSC_3051.jpg?v=1756121056,Age Ayurveda Sugar Formula Capsules | Madhumeha Shamana & Glucose Metabolism Support,"A synergistic blend of Meshashringi (Gymnema sylvestre), Jamun seed, Vijaysar, and Karela. Traditionally used in Ayurveda to maintain healthy glucose metabolism",569,Compliant Supplement,new,in stock,https://nighantu.ageayurveda.com/herb/meshashringi/
yastimadhu,Yastimadhu,"<p>Pure Yashtimadhu (Licorice / Glycyrrhiza glabra) root powder. Soothes irritated vocal cords and upper respiratory mucous membranes, promotes gastric lining comfort, and balances excess Pitta and Vata doshas. Manufactured by Nitya Naturals Pvt Ltd, Prayagraj under AYUSH license.</p><h4>Key Ayurvedic Benefits:</h4><ul><li>Soothes throat & vocal cords</li><li>Upper respiratory comfort</li><li>Gastric mucosal support</li><li>Sweet cooling Pitta pacifier</li></ul><p><strong>Ayurvedic Herb Reference:</strong> Learn about the classical botanical grounding and pharmacological properties in our verified <a href='https://nighantu.ageayurveda.com/herb/yashtimadhu/' target='_blank' rel='noopener'>Age Ayurveda Nighantu monograph</a>.</p><p><small>Manufactured by Nitya Naturals Pvt Ltd, Prayagraj. Classical AYUSH licensed production.</small></p>",Age Ayurveda,Health & Beauty > Health Care > Holistic & Alternative Medicine,Respiratory Health,"Ayurveda, Respiratory Health, Nighantu Verified",TRUE,Title,Default Title,AA-011,150,shopify,continue,manual,439,,TRUE,TRUE,https://cdn.shopify.com/s/files/1/0950/5715/0251/files/DSC_3040copy.jpg?v=1756121004,Age Ayurveda Yashtimadhu Capsules (500mg) | Glycyrrhiza Glabra Throat & Mucosal Support,"Pure Yashtimadhu (Licorice / Glycyrrhiza glabra) root powder. Soothes irritated vocal cords and upper respiratory mucous membranes, promotes gastric lining comf",569,Compliant Supplement,new,in stock,https://nighantu.ageayurveda.com/herb/yashtimadhu/
grow-and-glow-hair-oil,Grow and Glow Hair Oil,"<p>Traditional Kshirapak vidhi botanical hair oil infused with Bhringraj, Amla, Brahmi, and pure cold-pressed sesame oil. Deeply nourishes hair roots, conditions dry scalp tissue, and promotes lustrous, strong hair texture. Manufactured by Nitya Naturals Pvt Ltd, Prayagraj under AYUSH manufacturing standards.</p><h4>Key Ayurvedic Benefits:</h4><ul><li>Deep follicle nourishment</li><li>Scalp tissue conditioning</li><li>Supports natural shine & strength</li><li>Classical Ayurvedic formula</li></ul><p><strong>Ayurvedic Herb Reference:</strong> Learn about the classical botanical grounding and pharmacological properties in our verified <a href='https://nighantu.ageayurveda.com/herb/bhringraj/' target='_blank' rel='noopener'>Age Ayurveda Nighantu monograph</a>.</p><p><small>Manufactured by Nitya Naturals Pvt Ltd, Prayagraj. Classical AYUSH licensed production.</small></p>",Age Ayurveda,Health & Beauty > Health Care > Holistic & Alternative Medicine,Hair Care,"Ayurveda, Hair Care, Nighantu Verified",TRUE,Title,Default Title,AA-012,150,shopify,continue,manual,399,,TRUE,TRUE,https://cdn.shopify.com/s/files/1/0950/5715/0251/files/DSC_3032copy.jpg?v=1756121042,Age Ayurveda Grow & Glow Hair Oil (100ml) | Bhringraj & Amla Classical Scalp Nourishment,"Traditional Kshirapak vidhi botanical hair oil infused with Bhringraj, Amla, Brahmi, and pure cold-pressed sesame oil. Deeply nourishes hair roots, conditions d",569,Compliant Supplement,new,in stock,https://nighantu.ageayurveda.com/herb/bhringraj/
nasja-oil,Nasja Oil,"<p>Classical herbal oil prepared for traditional daily Nasya Dinacharya practice. Lubricates dry nasal passages, clears accumulated Kapha congestion, and supports unobstructed breathing and clear mental sensory perception. Manufactured by Nitya Naturals Pvt Ltd, Prayagraj.</p><h4>Key Ayurvedic Benefits:</h4><ul><li>Daily nasal lubrication</li><li>Clears upper sinus congestion</li><li>Promotes head and sensory clarity</li><li>Classical Dinacharya care</li></ul><p><strong>Ayurvedic Herb Reference:</strong> Learn about the classical botanical grounding and pharmacological properties in our verified <a href='https://nighantu.ageayurveda.com/formulation/anu-taila/' target='_blank' rel='noopener'>Age Ayurveda Nighantu monograph</a>.</p><p><small>Manufactured by Nitya Naturals Pvt Ltd, Prayagraj. Classical AYUSH licensed production.</small></p>",Age Ayurveda,Health & Beauty > Health Care > Holistic & Alternative Medicine,Respiratory Health,"Ayurveda, Respiratory Health, Nighantu Verified",TRUE,Title,Default Title,AA-013,150,shopify,continue,manual,279,,TRUE,TRUE,https://cdn.shopify.com/s/files/1/0950/5715/0251/files/DSC04407.jpg?v=1756121147,Age Ayurveda Nasya Oil Drops (30ml) | Classical Nasal Passage Lubrication & Clarity,"Classical herbal oil prepared for traditional daily Nasya Dinacharya practice. Lubricates dry nasal passages, clears accumulated Kapha congestion, and supports ",569,Compliant Supplement,new,in stock,https://nighantu.ageayurveda.com/formulation/anu-taila/
nitya-naturals-balm,Nitya Naturals Balm,"<p>Topical herbal balm formulated with Eucalyptus oil, Camphor, Menthol, and soothing Ayurvedic extracts. Provides a warming and cooling physical sensation to comfort tired muscles, ease neck and forehead tension, and support joint ease after exertion. Manufactured by Nitya Naturals Pvt Ltd, Prayagraj under AYUSH license.</p><h4>Key Ayurvedic Benefits:</h4><ul><li>Comforts overworked muscles</li><li>Eases forehead & neck tension</li><li>Cooling & warming sensation</li><li>Quick topical absorption</li></ul><p><strong>Ayurvedic Herb Reference:</strong> Learn about the classical botanical grounding and pharmacological properties in our verified <a href='https://nighantu.ageayurveda.com/device/shirodhara-pot-apparatus/' target='_blank' rel='noopener'>Age Ayurveda Nighantu monograph</a>.</p><p><small>Manufactured by Nitya Naturals Pvt Ltd, Prayagraj. Classical AYUSH licensed production.</small></p>",Age Ayurveda,Health & Beauty > Health Care > Holistic & Alternative Medicine,Pain Relief,"Ayurveda, Pain Relief, Nighantu Verified",TRUE,Title,Default Title,AA-014,150,shopify,continue,manual,239,,TRUE,TRUE,https://cdn.shopify.com/s/files/1/0950/5715/0251/files/DSC_3081.jpg?v=1756119981,Age Ayurveda Nitya Naturals Herbal Balm (25g) | Eucalyptus & Camphor Muscle Comfort,"Topical herbal balm formulated with Eucalyptus oil, Camphor, Menthol, and soothing Ayurvedic extracts. Provides a warming and cooling physical sensation to comf",569,Compliant Supplement,new,in stock,https://nighantu.ageayurveda.com/device/shirodhara-pot-apparatus/
winerid,Winerid,"<p>A specialized blend of bitter and hepatoprotective herbs including Kalmegh, Bhumyamalaki, and Katuki. Supports the liver's innate detoxification pathways, promotes metabolic balance, and fosters mental resilience during personal lifestyle wellness transitions. Manufactured by Nitya Naturals Pvt Ltd, Prayagraj under AYUSH license.</p><h4>Key Ayurvedic Benefits:</h4><ul><li>Supports liver detoxification pathways</li><li>Metabolic balance</li><li>Aids healthy lifestyle transitions</li><li>Pitta-Kapha cleansing</li></ul><p><strong>Ayurvedic Herb Reference:</strong> Learn about the classical botanical grounding and pharmacological properties in our verified <a href='https://nighantu.ageayurveda.com/herb/kalmegh/' target='_blank' rel='noopener'>Age Ayurveda Nighantu monograph</a>.</p><p><small>Manufactured by Nitya Naturals Pvt Ltd, Prayagraj. Classical AYUSH licensed production.</small></p>",Age Ayurveda,Health & Beauty > Health Care > Holistic & Alternative Medicine,De-addiction,"Ayurveda, De-addiction, Nighantu Verified",TRUE,Title,Default Title,AA-015,150,shopify,continue,manual,899,,TRUE,TRUE,https://cdn.shopify.com/s/files/1/0950/5715/0251/files/DSC_3097.jpg?v=1756120835,Age Ayurveda Winerid Capsules | Herbal Liver Cleansing & Lifestyle Transition Support,"A specialized blend of bitter and hepatoprotective herbs including Kalmegh, Bhumyamalaki, and Katuki. Supports the liver's innate detoxification pathways, promo",569,Compliant Supplement,new,in stock,https://nighantu.ageayurveda.com/herb/kalmegh/
nutrijam,Nutrijam,"<p>A nutritious, fruit-based Rasayana preserve combining whole Amla fruit pulp with select rejuvenating forest botanicals. Provides daily dietary antioxidants and micronutrients for growing children and active adults in an appealing natural jam texture. Manufactured by Nitya Naturals Pvt Ltd, Prayagraj.</p><h4>Key Ayurvedic Benefits:</h4><ul><li>Daily herbal family nutrition</li><li>Natural Amla antioxidant preserve</li><li>Supports daily vitality & energy</li><li>Delicious natural taste</li></ul><p><strong>Ayurvedic Herb Reference:</strong> Learn about the classical botanical grounding and pharmacological properties in our verified <a href='https://nighantu.ageayurveda.com/formulation/chyawanprash/' target='_blank' rel='noopener'>Age Ayurveda Nighantu monograph</a>.</p><p><small>Manufactured by Nitya Naturals Pvt Ltd, Prayagraj. Classical AYUSH licensed production.</small></p>",Age Ayurveda,Health & Beauty > Health Care > Holistic & Alternative Medicine,Immunity,"Ayurveda, Immunity, Nighantu Verified",TRUE,Title,Default Title,AA-016,150,shopify,continue,manual,493,,TRUE,TRUE,https://cdn.shopify.com/s/files/1/0950/5715/0251/files/DSC_3020copy.jpg?v=1756121159,Age Ayurveda Nutrijam Herbal Preserve (500g) | Delicious Everyday Amla & Herbal Nutrition,"A nutritious, fruit-based Rasayana preserve combining whole Amla fruit pulp with select rejuvenating forest botanicals. Provides daily dietary antioxidants and ",569,Compliant Supplement,new,in stock,https://nighantu.ageayurveda.com/formulation/chyawanprash/
immunity-kit,Immunity Kit,"<p>A comprehensive daily wellness bundle pairing classical Chyawanprash Avaleha with Immuno Plus herbal capsules and protective botanical extracts. Formulated to provide multi-systemic seasonal support across Vata, Pitta, and Kapha body types. Manufactured by Nitya Naturals Pvt Ltd, Prayagraj under AYUSH standards.</p><h4>Key Ayurvedic Benefits:</h4><ul><li>Multi-systemic immune support</li><li>Tridoshic seasonal wellness</li><li>Complete family health kit</li><li>Pure classical formulations</li></ul><p><strong>Ayurvedic Herb Reference:</strong> Learn about the classical botanical grounding and pharmacological properties in our verified <a href='https://nighantu.ageayurveda.com/formulation/chyawanprash/' target='_blank' rel='noopener'>Age Ayurveda Nighantu monograph</a>.</p><p><small>Manufactured by Nitya Naturals Pvt Ltd, Prayagraj. Classical AYUSH licensed production.</small></p>",Age Ayurveda,Health & Beauty > Health Care > Holistic & Alternative Medicine,Immunity,"Ayurveda, Immunity, Nighantu Verified",TRUE,Title,Default Title,AA-017,150,shopify,continue,manual,1119,,TRUE,TRUE,https://cdn.shopify.com/s/files/1/0950/5715/0251/files/Layer2_f8e2cc66-56c4-4694-a40a-23bb36e97695.jpg?v=1760348635,Age Ayurveda Complete Immunity Wellness Bundle | 3-Piece Tridoshic Care Collection,A comprehensive daily wellness bundle pairing classical Chyawanprash Avaleha with Immuno Plus herbal capsules and protective botanical extracts. Formulated to p,569,Compliant Supplement,new,in stock,https://nighantu.ageayurveda.com/formulation/chyawanprash/
nava-tongue-cleaner,Nava Tongue Cleaner,"<p>Surgically crafted ergonomic tongue scraper featuring dual cleaning edges and an easy one-handed grip. Gently removes morning oral plaque and Ama (metabolic waste) from the tongue surface to promote fresh breath and restore accurate taste bud acuity. Essential tool for classical Ayurvedic daily Dinacharya.</p><h4>Key Ayurvedic Benefits:</h4><ul><li>Gentle Ama removal from tongue</li><li>Restores taste bud acuity</li><li>Promotes long-lasting fresh breath</li><li>Durable hygienic ergonomic design</li></ul><p><strong>Ayurvedic Herb Reference:</strong> Learn about the classical botanical grounding and pharmacological properties in our verified <a href='https://nighantu.ageayurveda.com/device/tongue-cleaner/' target='_blank' rel='noopener'>Age Ayurveda Nighantu monograph</a>.</p><p><small>Manufactured by Nitya Naturals Pvt Ltd, Prayagraj. Classical AYUSH licensed production.</small></p>",Age Ayurveda,Health & Beauty > Health Care > Holistic & Alternative Medicine,Oral Health,"Ayurveda, Oral Health, Nighantu Verified",TRUE,Title,Default Title,AA-018,150,shopify,continue,manual,179,,TRUE,TRUE,https://cdn.shopify.com/s/files/1/0950/5715/0251/files/Tongue_Cleaner_Creative.jpg?v=1756566470,Age Ayurveda Nava Ergonomic Tongue Cleaner | 2-in-1 Dual-Edge Oral Dinacharya Tool,Surgically crafted ergonomic tongue scraper featuring dual cleaning edges and an easy one-handed grip. Gently removes morning oral plaque and Ama (metabolic was,569,Compliant Supplement,new,in stock,https://nighantu.ageayurveda.com/device/tongue-cleaner/
