formulation,afi_part,afi_entry,afi_dose,afi_dose_means,company,label_low,label_high,unit,population,relation,label_own_words,product_url,formulation_page
"dashamula","I","4:10","48 g","weight of drug used to prepare","patanjali","5","10","g","unstated","entirely below","Take 5-10g kwath powder in 400ml water and boil it till 100ml mixture left","https://www.patanjaliayurved.net/product/combo-offers/combos/combo-divya-dashmool-kwath-100g-pack-of-2/7064","https://nighantu.ageayurveda.com/formulation/dashamula/"
"dashamula","I","4:10","48 g","weight of drug used to prepare","patanjali","5","10","g","unstated","entirely below","Take 5-10g kwath powder in 400ml water and boil it till 100ml mixture left","https://www.patanjaliayurved.net/product/ayurvedic-medicine/kwath/divya-dashmool-kwath/35","https://nighantu.ageayurveda.com/formulation/dashamula/"
"dashamula","I","4:10","48 g","weight of drug used to prepare","tansukhherbals","5","10","g","unstated","entirely below","For one dose , boil 5 to 10 grams og Kwath in 16 parts of water till 1/4 of water remains","https://tansukhherbals.com/products/dashmool-kadha","https://nighantu.ageayurveda.com/formulation/dashamula/"
"sitopaladi-churna","I","7:34","1 to 3 g","dose taken","sdl","5","10","g","unstated","entirely above","1 tsf. to 2 tsf. (5 to 10 gm) twice or thrice a day","https://www.sdlindia.com/products/sitopaladi-choorna","https://nighantu.ageayurveda.com/formulation/sitopaladi-churna/"
"sitopaladi-churna","I","7:34","1 to 3 g","dose taken","patanjali","1","3","g","unstated","identical","1-3 g with honey and ghee","https://www.patanjaliayurved.net/product/ayurvedic-medicine/churna/divya-sitopaladi-churna/176","https://nighantu.ageayurveda.com/formulation/sitopaladi-churna/"
"sitopaladi-churna","I","7:34","1 to 3 g","dose taken","gurukulayurved","2","2","g","unstated","within","A normal dose includes 2 grams twice a day with honey.","https://gurukulayurved.in/products/sitopladi-churn-powder","https://nighantu.ageayurveda.com/formulation/sitopaladi-churna/"
"sitopaladi-churna","I","7:34","1 to 3 g","dose taken","curoveda","2","2","g","unstated","within","2 grams with 6 grams of clear butter and 1 gram of honey","https://www.curoveda.com/product/sitopaladi-churna/","https://nighantu.ageayurveda.com/formulation/sitopaladi-churna/"
"sitopaladi-churna","I","7:34","1 to 3 g","dose taken","tansukhherbals","1","3","g","unstated","identical","1 to 3 grams twice or thrice daily with honey","https://tansukhherbals.com/products/sitopaladi-churn","https://nighantu.ageayurveda.com/formulation/sitopaladi-churna/"
"sitopaladi-churna","I","7:34","1 to 3 g","dose taken","shreedhanwantri","3","6","g","unstated","touching above","3-6 g twice a day with honey","https://shreedhanwantri.com/product/sitopladi-churna/","https://nighantu.ageayurveda.com/formulation/sitopaladi-churna/"
"sitopaladi-churna","I","7:34","1 to 3 g","dose taken","tansukhherbals","1","3","g","unstated","identical","1 to 3 grams twice or thrice daily with honey","https://tansukhherbals.com/hi/products/sitopaladi-churn","https://nighantu.ageayurveda.com/formulation/sitopaladi-churna/"
"ashokarishta","I","1:5","12 to 24 ml","dose taken","dabur","15","30","ml","unstated","overlapping","1 to 2 tablespoonful (15 to 30ml)","https://www.dabur.com/our-brand/dabur-ashokarishta","https://nighantu.ageayurveda.com/formulation/ashokarishta/"
"ashokarishta","I","1:5","12 to 24 ml","dose taken","keralaayurveda","15","25","ml","both","overlapping","The recommended dosage for adults is 15 to 25 ml and 5 to 15 ml for children.","https://keralaayurveda.com/products/asokarishta","https://nighantu.ageayurveda.com/formulation/ashokarishta/"
"ashokarishta","I","1:5","12 to 24 ml","dose taken","patanjali","12","24","ml","unstated","identical","12-24 ml or as directed by the physician.","https://www.patanjaliayurved.net/product/ayurvedic-medicine/arishta/divya-asokarista/20","https://nighantu.ageayurveda.com/formulation/ashokarishta/"
"ashokarishta","I","1:5","12 to 24 ml","dose taken","sitaram","25","30","ml","both","entirely above","Adult: 25-30 ml Asokarishtam twice or thrice daily after food.","https://sitaramayurveda.com/products/ashokarishtam","https://nighantu.ageayurveda.com/formulation/ashokarishta/"
"ashokarishta","I","1:5","12 to 24 ml","dose taken","sdl","10","20","ml","unstated","overlapping","2 to 4 tsf (10 to 20 ml) 2-3 times a day","https://www.sdlindia.com/products/ashokarishta","https://nighantu.ageayurveda.com/formulation/ashokarishta/"
"ashokarishta","I","1:5","12 to 24 ml","dose taken","multani","15","30","ml","unstated","overlapping","Take 15-30 ml with equal water twice daily after meals.","https://www.multani.org/products/ashokarishta","https://nighantu.ageayurveda.com/formulation/ashokarishta/"
"ashokarishta","I","1:5","12 to 24 ml","dose taken","shreedhanwantri","15","30","ml","unstated","overlapping","15-30 ml with equal amount of water, after meals, twice a day","https://shreedhanwantri.com/product/ashokarishta/","https://nighantu.ageayurveda.com/formulation/ashokarishta/"
"ashokarishta","I","1:5","12 to 24 ml","dose taken","swadeshiayurved","10","20","ml","unstated","overlapping","Take 10 to 20 ml of Swadeshi Ashokarishta.","https://swadeshiayurved.com/products/ashokarishta","https://nighantu.ageayurveda.com/formulation/ashokarishta/"
"ashokarishta","I","1:5","12 to 24 ml","dose taken","tansukhherbals","15","30","ml","unstated","overlapping","3 to 6 teaspoonful (15 to 30ml) with equal water twice after meals","https://tansukhherbals.com/products/ashokarisht-syrup","https://nighantu.ageayurveda.com/formulation/ashokarishta/"
"ashokarishta","I","1:5","12 to 24 ml","dose taken","swadeshiayurved","10","20","ml","unstated","overlapping","Take 10 to 20 ml of Swadeshi Ashokarishta.","https://swadeshiayurved.com/ta/products/ashokarishta","https://nighantu.ageayurveda.com/formulation/ashokarishta/"
"ashokarishta","I","1:5","12 to 24 ml","dose taken","swadeshiayurved","10","20","ml","unstated","overlapping","Take 10 to 20 ml of Swadeshi Ashokarishta.","https://swadeshiayurved.com/mr/products/ashokarishta","https://nighantu.ageayurveda.com/formulation/ashokarishta/"
"kutajarishta","I","1:11","12 to 24 ml","dose taken","patanjali","12","24","ml","unstated","identical","Take 12-24ml","https://www.patanjaliayurved.net/product/ayurvedic-medicine/arishta/divya-kutajarista/85","https://nighantu.ageayurveda.com/formulation/kutajarishta/"
"kutajarishta","I","1:11","12 to 24 ml","dose taken","keralaayurveda","15","25","ml","both","overlapping","15 to 25 ml for adults and 5 to 15 ml for children","https://keralaayurveda.com/products/kutajarishta","https://nighantu.ageayurveda.com/formulation/kutajarishta/"
"kutajarishta","I","1:11","12 to 24 ml","dose taken","sdl","10","20","ml","unstated","overlapping","2 to 4 tsf (10 to 20 ml) 2-3 times a day","https://www.sdlindia.com/products/kutajarishta","https://nighantu.ageayurveda.com/formulation/kutajarishta/"
"kutajarishta","I","1:11","12 to 24 ml","dose taken","sna","10","30","ml","unstated","contains","10-30 ml, twice daily after food","https://www.snaoushadhasala.com/product/kutajaarishtam","https://nighantu.ageayurveda.com/formulation/kutajarishta/"
"kutajarishta","I","1:11","12 to 24 ml","dose taken","sitaram","25","30","ml","both","entirely above","Adult: 25-30 mL twice or thrice daily after food","https://sitaramayurveda.com/products/kutajarishtam","https://nighantu.ageayurveda.com/formulation/kutajarishta/"
"kutajarishta","I","1:11","12 to 24 ml","dose taken","multani","12","24","ml","unstated","identical","12 Ml-24 Ml (1 to 2 tablespoonful) with water twice a day","https://www.multani.org/products/kutajarishta","https://nighantu.ageayurveda.com/formulation/kutajarishta/"
"kutajarishta","I","1:11","12 to 24 ml","dose taken","shreedhanwantri","15","30","ml","unstated","overlapping","15-30 ml with equal water, after meals, twice a day","https://shreedhanwantri.com/product/kutjarishta/","https://nighantu.ageayurveda.com/formulation/kutajarishta/"
"kutajarishta","I","1:11","12 to 24 ml","dose taken","swadeshiayurved","15","30","ml","unstated","overlapping","Take 15-30 ml once or twice daily","https://swadeshiayurved.com/products/kutajarishtha","https://nighantu.ageayurveda.com/formulation/kutajarishta/"
"kutajarishta","I","1:11","12 to 24 ml","dose taken","tansukhherbals","15","30","ml","unstated","overlapping","3 to 6 teaspoonful (15 to 30ml) with equal water twice after meals","https://tansukhherbals.com/products/kutajarisht-syrup","https://nighantu.ageayurveda.com/formulation/kutajarishta/"
"kutajarishta","I","1:11","12 to 24 ml","dose taken","swadeshiayurved","15","30","ml","unstated","overlapping","Take 15-30 ml once or twice daily","https://swadeshiayurved.com/ta/products/kutajarishtha","https://nighantu.ageayurveda.com/formulation/kutajarishta/"
"kutajarishta","I","1:11","12 to 24 ml","dose taken","swadeshiayurved","15","30","ml","unstated","overlapping","Take 15-30 ml once or twice daily","https://swadeshiayurved.com/mr/products/kutajarishtha","https://nighantu.ageayurveda.com/formulation/kutajarishta/"
"avipattikar-churna","I","7:2","3 to 6 g","dose taken","sdl","5","10","g","unstated","overlapping","1 tsf. to 2 tsf. (5 to 10 gm.) twice or thrice a day","https://www.sdlindia.com/products/avipattikar-choorna","https://nighantu.ageayurveda.com/formulation/avipattikar-churna/"
"avipattikar-churna","I","7:2","3 to 6 g","dose taken","patanjali","3","6","g","unstated","identical","3-6 g before meals with water","https://www.patanjaliayurved.net/product/ayurvedic-medicine/churna/divya-avipattikar-churna/23","https://nighantu.ageayurveda.com/formulation/avipattikar-churna/"
"avipattikar-churna","I","7:2","3 to 6 g","dose taken","maharishi","3","6","g","unstated","identical","3-6 grams daily with water or warm milk","https://maharishiayurvedaindia.com/products/avipattikar-churna","https://nighantu.ageayurveda.com/formulation/avipattikar-churna/"
"avipattikar-churna","I","7:2","3 to 6 g","dose taken","gurukulayurved","3","6","g","unstated","identical","A normal dose includes 3 to 6 grams, twice a day","https://gurukulayurved.in/products/avipattikar-churn-powder","https://nighantu.ageayurveda.com/formulation/avipattikar-churna/"
"avipattikar-churna","I","7:2","3 to 6 g","dose taken","jamnaherbal","1.5","3","g","unstated","touching below","A dose of 1½ to 3 g Churna should be taken with water","https://jamnaherbal.com/products/avipattikar-churna-100gm","https://nighantu.ageayurveda.com/formulation/avipattikar-churna/"
"avipattikar-churna","I","7:2","3 to 6 g","dose taken","curoveda","5","10","g","both","overlapping","Adults should take 1-2 teaspoons (5-10 grams) once or twice day","https://www.curoveda.com/product/avipattikar-churna/","https://nighantu.ageayurveda.com/formulation/avipattikar-churna/"
"avipattikar-churna","I","7:2","3 to 6 g","dose taken","tansukhherbals","5","10","g","unstated","overlapping","Take 1-2 teaspoons (5-10 grams) of Avipattikar Churna with lukewarm water","https://tansukhherbals.com/products/avipattikar-churna","https://nighantu.ageayurveda.com/formulation/avipattikar-churna/"
"avipattikar-churna","I","7:2","3 to 6 g","dose taken","shrigangapharmacy","3","6","g","unstated","identical","Take 3 to 6 gm (0.1 to 1.5 oz) [1 tea-spoon to 1 tea-spoon] of Avipatikar Churna","https://shrigangapharmacy.com/product/avipattikar-churn/","https://nighantu.ageayurveda.com/formulation/avipattikar-churna/"
"avipattikar-churna","I","7:2","3 to 6 g","dose taken","shreedhanwantri","3","6","g","unstated","identical","3-6 g twice a day or as directed by the physician","https://shreedhanwantri.com/product/avipattikar-churna/","https://nighantu.ageayurveda.com/formulation/avipattikar-churna/"
"arogyavardhini-vati","I","20:4","250 to 500 mg","dose taken","patanjali","250","500","mg","unstated","identical","250 to 500 mg with Ardraka svarasa, Honey ,Nimba, Svarasa, water or milk twice daily","https://www.patanjaliayurved.net/product/ayurvedic-medicine/vati/divya-arogyavardhini-vati/13","https://nighantu.ageayurveda.com/formulation/arogyavardhini-vati/"
"arogyavardhini-vati","I","20:4","250 to 500 mg","dose taken","atharvaveda","125","500","mg","unstated","contains","Common dosages may range from 125 mg to 500 mg, usually taken once or twice a day after meals","https://atharvaveda.org.in/product/arogyavardhini-vati/","https://nighantu.ageayurveda.com/formulation/arogyavardhini-vati/"
"arogyavardhini-vati","I","20:4","250 to 500 mg","dose taken","hindherbalpharmacy","2","5","g","unstated","entirely above","Take half or one spoon near 2- 5 grams during bedtime","https://hindherbalpharmacy.com/product/arogyavardhini-vati/","https://nighantu.ageayurveda.com/formulation/arogyavardhini-vati/"
"abhayarishta","I","1:1","12 to 24 ml","dose taken","keralaayurveda","15","25","ml","adult","overlapping","Adults (18+): Take 3-5 teaspoons ( 15-25ml) twice daily after food","https://keralaayurveda.com/products/abhayarishta","https://nighantu.ageayurveda.com/formulation/abhayarishta/"
"abhayarishta","I","1:1","12 to 24 ml","dose taken","sitaram","25","30","ml","adult","entirely above","Adult: 25-30 ml of Abhayarishtam twice or thrice daily after food","https://sitaramayurveda.com/products/abhayarishtam","https://nighantu.ageayurveda.com/formulation/abhayarishta/"
"abhayarishta","I","1:1","12 to 24 ml","dose taken","sna","15","30","ml","unstated","overlapping","15-30 ml twice daily after food","https://www.snaoushadhasala.com/product/abhayaarishtam","https://nighantu.ageayurveda.com/formulation/abhayarishta/"
"abhayarishta","I","1:1","12 to 24 ml","dose taken","patanjali","12","24","ml","unstated","identical","12-24 ml or as directed by the physician","https://www.patanjaliayurved.net/product/ayurvedic-medicine/arishta/divya-abhayarista-new/2","https://nighantu.ageayurveda.com/formulation/abhayarishta/"
"abhayarishta","I","1:1","12 to 24 ml","dose taken","jamnaherbal","15","25","ml","unstated","overlapping","15–25 ml twice daily after meals","https://jamnaherbal.com/products/abhyarishta","https://nighantu.ageayurveda.com/formulation/abhayarishta/"
"abhayarishta","I","1:1","12 to 24 ml","dose taken","multani","15","30","ml","unstated","overlapping","Take 15-30 ml with equal water twice daily after meals","https://www.multani.org/products/abhyarishta","https://nighantu.ageayurveda.com/formulation/abhayarishta/"
"abhayarishta","I","1:1","12 to 24 ml","dose taken","shreedhanwantri","15","30","ml","unstated","overlapping","15-30 ml with equal water, after meals, twice a day","https://shreedhanwantri.com/product/abhyarishta/","https://nighantu.ageayurveda.com/formulation/abhayarishta/"
"abhayarishta","I","1:1","12 to 24 ml","dose taken","tansukhherbals","15","30","ml","unstated","overlapping","3 to 6 teaspoonful (15 to 30ml) with equal water twice after meals","https://tansukhherbals.com/products/abhayarisht","https://nighantu.ageayurveda.com/formulation/abhayarishta/"
"triphala-churna","I","7:15","3 to 6 g","dose taken","sdl","5","10","g","unstated","overlapping","1 tsf. to 2 tsf. (5 to 10 gm) once or twice a day","https://www.sdlindia.com/products/triphala-choorna","https://nighantu.ageayurveda.com/formulation/triphala-churna/"
"triphala-churna","I","7:15","3 to 6 g","dose taken","patanjali","2","5","g","unstated","overlapping","2-5 g with lukewarm water or milk","https://www.patanjaliayurved.net/product/combo-offers/combos/combo-triphala-churna-100g-pack-of-2/6997","https://nighantu.ageayurveda.com/formulation/triphala-churna/"
"triphala-churna","I","7:15","3 to 6 g","dose taken","dabur","5","5","g","unstated","within","5gm twice a day, post meals","https://www.dabur.com/our-brand/dabur-triphala-churna","https://nighantu.ageayurveda.com/formulation/triphala-churna/"
"triphala-churna","I","7:15","3 to 6 g","dose taken","patanjali","2","5","g","unstated","overlapping","2-5 g with lukewarm water or milk","https://www.patanjaliayurved.net/product/ayurvedic-medicine/churna/divya-triphala-churna/199","https://nighantu.ageayurveda.com/formulation/triphala-churna/"
"triphala-churna","I","7:15","3 to 6 g","dose taken","sitaram","5","10","g","both","overlapping","Adult: 5-10 gms Triphala Choornam","https://sitaramayurveda.com/products/triphala-choornam","https://nighantu.ageayurveda.com/formulation/triphala-churna/"
"triphala-churna","I","7:15","3 to 6 g","dose taken","atharvaveda","3","6","g","unstated","identical","1-2 teaspoons (approximately 3-6 grams)","https://atharvaveda.org.in/product/triphala-churna/","https://nighantu.ageayurveda.com/formulation/triphala-churna/"
"triphala-churna","I","7:15","3 to 6 g","dose taken","multani","5","5","g","unstated","within","5Gm Twice A Day","https://www.multani.org/products/multani-triphala-churna-helps-relieve-constipation-beneficial-for-eyes","https://nighantu.ageayurveda.com/formulation/triphala-churna/"
"triphala-churna","I","7:15","3 to 6 g","dose taken","swadeshiayurved","5","10","g","unstated","overlapping","5-10 gm powder twice daily","https://swadeshiayurved.com/products/triphala-churna","https://nighantu.ageayurveda.com/formulation/triphala-churna/"
"triphala-churna","I","7:15","3 to 6 g","dose taken","swadeshiayurved","5","10","g","unstated","overlapping","5-10 gm powder twice daily","https://swadeshiayurved.com/ta/products/triphala-churna","https://nighantu.ageayurveda.com/formulation/triphala-churna/"
"triphala-churna","I","7:15","3 to 6 g","dose taken","swadeshiayurved","5","10","g","unstated","overlapping","5-10 gm powder twice daily","https://swadeshiayurved.com/mr/products/triphala-churna","https://nighantu.ageayurveda.com/formulation/triphala-churna/"
"saraswatarishta","I","1:36","12 to 24 ml","dose taken","sna","5","10","ml","unstated","entirely below","5-10 ml, twice daily","https://www.snaoushadhasala.com/product/saaraswataarishtam","https://nighantu.ageayurveda.com/formulation/saraswatarishta/"
"saraswatarishta","I","1:36","12 to 24 ml","dose taken","keralaayurveda","12","24","ml","adult","identical","Adults: 12 to 24 ml.","https://keralaayurveda.com/products/saraswatharishta","https://nighantu.ageayurveda.com/formulation/saraswatarishta/"
"saraswatarishta","I","1:36","12 to 24 ml","dose taken","sdl","10","20","ml","unstated","overlapping","2 to 4 tsf (10 to 20 ml) 2 times a day","https://www.sdlindia.com/products/saraswatarishta","https://nighantu.ageayurveda.com/formulation/saraswatarishta/"
"saraswatarishta","I","1:36","12 to 24 ml","dose taken","patanjali","12","24","ml","unstated","identical","12-24 ml or u se as directed by the physician.","https://www.patanjaliayurved.net/product/ayurvedic-medicine/arishta/divya-sarasvatarista/161","https://nighantu.ageayurveda.com/formulation/saraswatarishta/"
"saraswatarishta","I","1:36","12 to 24 ml","dose taken","sitaram","25","30","ml","adult","entirely above","Adult: 25-30 ml Saraswatharishtam twice or thrice daily after food.","https://sitaramayurveda.com/products/saraswatharishtam","https://nighantu.ageayurveda.com/formulation/saraswatarishta/"
"saraswatarishta","I","1:36","12 to 24 ml","dose taken","bvpundit","15","30","ml","unstated","overlapping","Take 15–30 ml twice daily after meals","https://bvpundit.com/product/saraswatarishta/","https://nighantu.ageayurveda.com/formulation/saraswatarishta/"
"saraswatarishta","I","1:36","12 to 24 ml","dose taken","multani","12","24","ml","unstated","identical","12 TO 24 ml with water, twice a day after meal","https://www.multani.org/products/saraswatarishta","https://nighantu.ageayurveda.com/formulation/saraswatarishta/"
"saraswatarishta","I","1:36","12 to 24 ml","dose taken","ashtangam","15","30","ml","unstated","overlapping","15ml to 30ml twice a day","https://ashtangam.com/product/saraswatharishtam-450ml/","https://nighantu.ageayurveda.com/formulation/saraswatarishta/"
"saraswatarishta","I","1:36","12 to 24 ml","dose taken","shreedhanwantri","15","30","ml","unstated","overlapping","15-30 ml, with equal amount of water, after meals, two times a day.","https://shreedhanwantri.com/product/saraswatarishta/","https://nighantu.ageayurveda.com/formulation/saraswatarishta/"
"arjunarishta","I","1:21","12 to 24 ml","dose taken","sitaram","25","30","ml","both","entirely above","Adult: 25-30 ml Arjunarishta syrup twice or thrice daily after food.","https://sitaramayurveda.com/products/arjunarishtam-partharishtam","https://nighantu.ageayurveda.com/formulation/arjunarishta/"
"arjunarishta","I","1:21","12 to 24 ml","dose taken","sdl","10","20","ml","unstated","overlapping","2 to 4 tsf (10 to 20 ml) 2 times a day","https://www.sdlindia.com/products/arjunarishta-parthadyarishta","https://nighantu.ageayurveda.com/formulation/arjunarishta/"
"arjunarishta","I","1:21","12 to 24 ml","dose taken","patanjali","12","24","ml","unstated","identical","12-24 ml or as directed by the physician.","https://www.patanjaliayurved.net/product/ayurvedic-medicine/arishta/divya-arjunarista/12","https://nighantu.ageayurveda.com/formulation/arjunarishta/"
"arjunarishta","I","1:21","12 to 24 ml","dose taken","bvpundit","15","30","ml","unstated","overlapping","Typically, 15-30 ml twice a day after meals","https://bvpundit.com/product/arjunarishta/","https://nighantu.ageayurveda.com/formulation/arjunarishta/"
"arjunarishta","I","1:21","12 to 24 ml","dose taken","multani","10","20","ml","unstated","overlapping","10 Ml-20 Ml (1 to 2 Tablespoonful) With Water, Twice A Day","https://www.multani.org/products/arjunarishta","https://nighantu.ageayurveda.com/formulation/arjunarishta/"
"arjunarishta","I","1:21","12 to 24 ml","dose taken","shreedhanwantri","15","30","ml","unstated","overlapping","15-30 ml with equal amount of water, twice a day after meals","https://shreedhanwantri.com/product/arjunarishta/","https://nighantu.ageayurveda.com/formulation/arjunarishta/"
"arjunarishta","I","1:21","12 to 24 ml","dose taken","swadeshiayurved","3","6","ml","unstated","entirely below","Take 3 to 6 ml of Swadeshi Arjunarishta twice daily after meals.","https://swadeshiayurved.com/products/arjunaristha","https://nighantu.ageayurveda.com/formulation/arjunarishta/"
"arjunarishta","I","1:21","12 to 24 ml","dose taken","tansukhherbals","15","30","ml","unstated","overlapping","3 to 6 teaspoonful (15 to 30ml) with equal water twice after meals","https://tansukhherbals.com/products/parthadyarisht-syrup-arjunarisht","https://nighantu.ageayurveda.com/formulation/arjunarishta/"
"arjunarishta","I","1:21","12 to 24 ml","dose taken","swadeshiayurved","3","6","ml","unstated","entirely below","Take 3 to 6 ml of Swadeshi Arjunarishta twice daily after meals.","https://swadeshiayurved.com/ta/products/arjunaristha","https://nighantu.ageayurveda.com/formulation/arjunarishta/"
"arjunarishta","I","1:21","12 to 24 ml","dose taken","swadeshiayurved","3","6","ml","unstated","entirely below","Take 3 to 6 ml of Swadeshi Arjunarishta twice daily after meals.","https://swadeshiayurved.com/mr/products/arjunaristha","https://nighantu.ageayurveda.com/formulation/arjunarishta/"
"agnitundi-vati","I","12:1","125 to 250 mg","dose taken","sidheswaradrugs","125","125","mg","unstated","within","125mg twice a day","https://sidheswaradrugs.com/product/agnitundi-vati/","https://nighantu.ageayurveda.com/formulation/agnitundi-vati/"
"agnitundi-vati","I","12:1","125 to 250 mg","dose taken","wilsondrugs","250","1000","mg","unstated","touching above","1 to 4 tablets (250mg to 1gm.) in the morning and evening","https://www.wilsondrugs.com/agnitundi-vati/","https://nighantu.ageayurveda.com/formulation/agnitundi-vati/"
"hingvashtak-churna","I","7:37","1 to 2 g","dose taken","sdl","5","10","g","unstated","entirely above","1 tsf. to 2 tsf. (5 to 10 gm.) 2 times a day","https://www.sdlindia.com/products/hingwashtak-choorna","https://nighantu.ageayurveda.com/formulation/hingvashtak-churna/"
"hingvashtak-churna","I","7:37","1 to 2 g","dose taken","patanjali","3","3","g","unstated","entirely above","3 g twice a day with lukewarm water","https://www.patanjaliayurved.net/product/ayurvedic-medicine/churna/divya-hingvashtak-churna/1586","https://nighantu.ageayurveda.com/formulation/hingvashtak-churna/"
"hingvashtak-churna","I","7:37","1 to 2 g","dose taken","maharishi","1","2","g","unstated","identical","1 to 2 grams with lukewarm water after meals","https://maharishiayurvedaindia.com/products/hingwastak-churna-50gms","https://nighantu.ageayurveda.com/formulation/hingvashtak-churna/"
"hingvashtak-churna","I","7:37","1 to 2 g","dose taken","tansukhherbals","2","5","g","unstated","touching above","2 to 5 grams 3 times a day after meal","https://tansukhherbals.com/products/hingvashtak-churna","https://nighantu.ageayurveda.com/formulation/hingvashtak-churna/"
"hingvashtak-churna","I","7:37","1 to 2 g","dose taken","shreedhanwantri","2","3","g","unstated","touching above","2-3 g Twice a Day.","https://shreedhanwantri.com/product/hingvastak-churna/","https://nighantu.ageayurveda.com/formulation/hingvashtak-churna/"
"talisadi-churna","I","7:13","3 g","dose taken","sdl","5","10","g","unstated","entirely above","1 tsf. to 2 tsf. (5 to 10 gm) twice or thrice a day","https://www.sdlindia.com/products/taleesadi-choorna","https://nighantu.ageayurveda.com/formulation/talisadi-churna/"
"talisadi-churna","I","7:13","3 g","dose taken","maharishi","3","3","g","unstated","identical","Take 3 grams twice a day with honey","https://maharishiayurvedaindia.com/products/talishadi-churna-50gms","https://nighantu.ageayurveda.com/formulation/talisadi-churna/"
"talisadi-churna","I","7:13","3 g","dose taken","shrigangapharmacy","1","3","g","unstated","contains","1 to 3 gram with honey.","https://shrigangapharmacy.com/product/talisadi-churn/","https://nighantu.ageayurveda.com/formulation/talisadi-churna/"
"talisadi-churna","I","7:13","3 g","dose taken","tansukhherbals","1","4","g","unstated","contains","1 to 4 grams thrice daily with honey","https://tansukhherbals.com/products/talisadi-churna","https://nighantu.ageayurveda.com/formulation/talisadi-churna/"
"talisadi-churna","I","7:13","3 g","dose taken","shreedhanwantri","3","6","g","unstated","contains","3-6 g Twice a Day with Honey.","https://shreedhanwantri.com/product/talisadi-churna/","https://nighantu.ageayurveda.com/formulation/talisadi-churna/"
"balarishta","I","1:24","12 to 24 ml","dose taken","sitaram","25","30","ml","both","entirely above","Adult: 25-30 ml Balarishtam twice or thrice daily after food.","https://sitaramayurveda.com/products/balarishtam","https://nighantu.ageayurveda.com/formulation/balarishta/"
"balarishta","I","1:24","12 to 24 ml","dose taken","sna","15","30","ml","unstated","overlapping","15-30 ml, twice or thrice daily","https://www.snaoushadhasala.com/product/balaarishtam","https://nighantu.ageayurveda.com/formulation/balarishta/"
"balarishta","I","1:24","12 to 24 ml","dose taken","keralaayurveda","15","25","ml","both","overlapping","For Adults: 15 ml to 25 ml twice daily after meals with equal water","https://keralaayurveda.com/products/balarishta","https://nighantu.ageayurveda.com/formulation/balarishta/"
"balarishta","I","1:24","12 to 24 ml","dose taken","sdl","15","30","ml","unstated","overlapping","3 to 6 tsf (15 to 30 ml) twice a day with lukewarm water","https://www.sdlindia.com/products/balarishta","https://nighantu.ageayurveda.com/formulation/balarishta/"
"balarishta","I","1:24","12 to 24 ml","dose taken","multani","12","24","ml","unstated","identical","12-24Ml Orally With An Equal Amount Of Water Twice A Day, After Meals.","https://www.multani.org/products/balarishta","https://nighantu.ageayurveda.com/formulation/balarishta/"
"balarishta","I","1:24","12 to 24 ml","dose taken","shreedhanwantri","15","30","ml","unstated","overlapping","15-30 ml with equal amount of water, after meals, twice daily","https://shreedhanwantri.com/product/balarishtha/","https://nighantu.ageayurveda.com/formulation/balarishta/"
"brahma-rasayana","I","3:20","12 g","dose taken","sitaram","10","15","g","both","contains","Adults: 10-15 gms or 1 tbsp Brahma Rasaayanam at bedtime.","https://sitaramayurveda.com/products/brahma-rasaayanam","https://nighantu.ageayurveda.com/formulation/brahma-rasayana/"
"brahma-rasayana","I","3:20","12 g","dose taken","sna","10","20","g","unstated","contains","10-20 gms Or As directed by the physician.","https://www.snaoushadhasala.com/product/braahmarasaayanam","https://nighantu.ageayurveda.com/formulation/brahma-rasayana/"
"brahma-rasayana","I","3:20","12 g","dose taken","aryavaidyakalpashala","5","10","g","unstated","entirely below","Dosage: 5–10 grams (1–2 teaspoons) daily","https://aryavaidyakalpashala.com/product/brahmi-rasayanam/","https://nighantu.ageayurveda.com/formulation/brahma-rasayana/"
"sarivadyasava","I","1:37","12 to 24 ml","dose taken","sdl","12","24","ml","unstated","identical","12 - 24 ml (2 - 4 teaspoonful) twice a day","https://www.sdlindia.com/products/sarivadyasava","https://nighantu.ageayurveda.com/formulation/sarivadyasava/"
"sarivadyasava","I","1:37","12 to 24 ml","dose taken","multani","15","30","ml","unstated","overlapping","Take 15-30 ml, mixed with an equal quantity of water, twice daily after meals","https://www.multani.org/products/sarivadyasava","https://nighantu.ageayurveda.com/formulation/sarivadyasava/"
"sarivadyasava","I","1:37","12 to 24 ml","dose taken","shreedhanwantri","15","30","ml","unstated","overlapping","15-30 ml, with equal amount of water, after meals two times a day","https://shreedhanwantri.com/product/sarivadyasava/","https://nighantu.ageayurveda.com/formulation/sarivadyasava/"
"sarivadyasava","I","1:37","12 to 24 ml","dose taken","tansukhherbals","15","30","ml","unstated","overlapping","3 to 6 teaspoonful (15 to 30ml) with equal water twice after meals","https://tansukhherbals.com/products/sarivadyasav","https://nighantu.ageayurveda.com/formulation/sarivadyasava/"
"vasa-avaleha","I","3:26","6 to 12 g","dose taken","maharishi","6","12","g","both","identical","Adults: 6–12 g once or twice daily","https://maharishiayurvedaindia.com/products/vasavaleha-200-gms","https://nighantu.ageayurveda.com/formulation/vasa-avaleha/"
"vasa-avaleha","I","3:26","6 to 12 g","dose taken","curoveda","6","12","g","both","identical","Adults – 6-12 grams twice daily after meals","https://www.curoveda.com/product/vasavaleha/","https://nighantu.ageayurveda.com/formulation/vasa-avaleha/"
"vasa-avaleha","I","3:26","6 to 12 g","dose taken","shreedhanwantri","5","10","g","unstated","overlapping","5-10 g twice a day","https://shreedhanwantri.com/product/vasavleha/","https://nighantu.ageayurveda.com/formulation/vasa-avaleha/"
"vasa-avaleha","I","3:26","6 to 12 g","dose taken","wilsondrugs","6","12","g","both","identical","6 – 12 grams once or two times a day","https://www.wilsondrugs.com/vasaveleha-for-cough-and-cold/","https://nighantu.ageayurveda.com/formulation/vasa-avaleha/"
"trikatu-churna","I","7:14","3 g","dose taken","maharishi","3","6","g","unstated","contains","Take 3 to 6 gram twice a day with honey/lukewarm water","https://maharishiayurvedaindia.com/products/trikatu-churna-25gms","https://nighantu.ageayurveda.com/formulation/trikatu-churna/"
"trikatu-churna","I","7:14","3 g","dose taken","patanjali","0.5","1","g","unstated","entirely below","1/2-1 g with honey or lukewarm water twice daily","https://www.patanjaliayurved.net/product/ayurvedic-medicine/churna/divya-trikatu-churna/197","https://nighantu.ageayurveda.com/formulation/trikatu-churna/"
"trikatu-churna","I","7:14","3 g","dose taken","tansukhherbals","0.5","2","g","unstated","entirely below","For less critical patients: ½ gram twice a day For critical patients: 2 grams twice a day","https://tansukhherbals.com/products/trikatu-churna","https://nighantu.ageayurveda.com/formulation/trikatu-churna/"
"trikatu-churna","I","7:14","3 g","dose taken","tansukhherbals","0.5","2","g","unstated","entirely below","कम गंभीर रोगियों के लिए: ½ ग्राम दिन में दो बार गंभीर रोगियों के लिए: 2 ग्राम दिन में दो बार","https://tansukhherbals.com/hi/products/trikatu-churna","https://nighantu.ageayurveda.com/formulation/trikatu-churna/"
"hinguvachadi-churna","I","7:39","2 to 4 g","dose taken","sna","5","10","g","unstated","entirely above","5-10 gms Or As directed by the physician.","https://www.snaoushadhasala.com/product/hinguvachaadi-choornam","https://nighantu.ageayurveda.com/formulation/hinguvachadi-churna/"
"hinguvachadi-churna","I","7:39","2 to 4 g","dose taken","keralaayurveda","1","3","g","unstated","overlapping","Take 1–3 grams of Hinguvachadi Choornam once or twice daily after meals","https://keralaayurveda.com/products/hinguvachadi-choornam-50-gm","https://nighantu.ageayurveda.com/formulation/hinguvachadi-churna/"
"hinguvachadi-churna","I","7:39","2 to 4 g","dose taken","sitaram","5","8","g","both","entirely above","Adult: 5-8 gms Hinguvachadi Choornam once or twice daily","https://sitaramayurveda.com/products/hinguvachadi-choornam-50-gm","https://nighantu.ageayurveda.com/formulation/hinguvachadi-churna/"
"kshirabala-thailam","I","8:11","12 g","dose taken","patanjali","12","12","g","unstated","identical","12 g with milk or warm water","https://www.patanjaliayurved.net/product/ayurvedic-medicine/oil/divya-ksirabala-taila/81","https://nighantu.ageayurveda.com/formulation/kshirabala-thailam/"
"madhusnuhi-rasayana","I","3:19","12 g","dose taken","sna","5","15","g","unstated","contains","5-15 gms followed by milk","https://www.snaoushadhasala.com/product/madhusnuheerasaayanam","https://nighantu.ageayurveda.com/formulation/madhusnuhi-rasayana/"
"madhusnuhi-rasayana","I","3:19","12 g","dose taken","aryavaidyakalpashala","5","10","g","unstated","entirely below","5–10 grams (1–2 teaspoons) once or twice daily","https://aryavaidyakalpashala.com/product/madhusnuhi-rasayanam/","https://nighantu.ageayurveda.com/formulation/madhusnuhi-rasayana/"
"phala-ghrita","I","6:30","12 g","dose taken","maharishi","6","6","g","unstated","entirely below","Take 6 gram twice a day with milk","https://maharishiayurvedaindia.com/products/phal-ghrit-promotes-fertility","https://nighantu.ageayurveda.com/formulation/phala-ghrita/"
"phala-ghrita","I","6:30","12 g","dose taken","patanjali","12","12","g","unstated","identical","12 g with warm water","https://www.patanjaliayurved.net/product/ayurvedic-medicine/kwath/divya-phala-ghrita/137","https://nighantu.ageayurveda.com/formulation/phala-ghrita/"
"sudarshan-churna","I","7:35","2 to 4 g","dose taken","sitaram","2","4","g","both","identical","A decoction made from 2 to 4 grams of Sudarshana Churna can be taken thrice daily.","https://sitaramayurveda.com/products/sudarshan-churna-50-gm","https://nighantu.ageayurveda.com/formulation/sudarshan-churna/"
"sudarshan-churna","I","7:35","2 to 4 g","dose taken","wilsondrugs","3","6","g","unstated","overlapping","It is to be taken 3-6 grams twice a day with lukewarm water","https://www.wilsondrugs.com/sudarshan-churna/","https://nighantu.ageayurveda.com/formulation/sudarshan-churna/"
"mahasudarshan-churna","I","7:35","2 to 4 g","dose taken","shrigangapharmacy","5","10","g","unstated","entirely above","5 to 10 gram with water","https://shrigangapharmacy.com/product/maha-sudarshan-churn/","https://nighantu.ageayurveda.com/formulation/mahasudarshan-churna/"
"mahasudarshan-churna","I","7:35","2 to 4 g","dose taken","tansukhherbals","2","5","g","unstated","contains","2 to 5 grams twice a day","https://tansukhherbals.com/products/maha-sudarshan-churna","https://nighantu.ageayurveda.com/formulation/mahasudarshan-churna/"
"maha-narayana-thailam","I","8:45","6 g","dose taken","patanjali","6","6","g","unstated","identical","6 g with milk or warm water","https://www.patanjaliayurved.net/product/ayurvedic-medicine/oil/divya-maha-narayan-taila/96","https://nighantu.ageayurveda.com/formulation/maha-narayana-thailam/"
"pippalyasava","I","1:22","12 to 24 ml","dose taken","sitaram","25","30","ml","both","entirely above","Adult: 25-30 ml Pippalyasavam twice or thrice daily after food.","https://sitaramayurveda.com/products/pippalyasavam","https://nighantu.ageayurveda.com/formulation/pippalyasava/"
"ashoka-ghrita","I","6:4","12 g","dose taken","ashtangam","10","10","g","unstated","entirely below","10 gms twice a day or as directed by the Physician.","https://ashtangam.com/product/asoka-ghritham-200ml/","https://nighantu.ageayurveda.com/formulation/ashoka-ghrita/"
