work,sthana,chapter,translator,translator_reference,translator_verse_start,translator_verse_end,standard_reference,standard_verse_start,standard_verse_end,offset,stated_as,concept,concept_page
"Charaka Samhita","Chikitsa","15","Kaviratna","14-15 as printed by Kaviratna","14","15","standard (Trikamji) 15.15-15.16","15","16","1","14-15 as printed by Kaviratna; standard (Trikamji) 15.15-15.16","dhatu-formation","https://nighantu.ageayurveda.com/concept/dhatu-formation/"
"Charaka Samhita","Chikitsa","15","Kaviratna","20 as printed by Kaviratna","20","20","standard (Trikamji) 15.21","21","21","1","20 as printed by Kaviratna; standard (Trikamji) 15.21","dhatu-formation","https://nighantu.ageayurveda.com/concept/dhatu-formation/"
"Charaka Samhita","Chikitsa","15","Kaviratna","12-13 as printed by Kaviratna","12","13","standard (Trikamji) 15.13-15.14","13","14","1","12-13 as printed by Kaviratna; standard (Trikamji) 15.13-15.14","dhatu-formation","https://nighantu.ageayurveda.com/concept/dhatu-formation/"
"Charaka Samhita","Chikitsa","15","Kaviratna","16-18 as printed by Kaviratna","16","18","standard (Trikamji) 15.17-15.19","17","19","1","16-18 as printed by Kaviratna; standard (Trikamji) 15.17-15.19","dhatu-formation","https://nighantu.ageayurveda.com/concept/dhatu-formation/"
"Charaka Samhita","Chikitsa","15","Kaviratna","35 as printed by Kaviratna","35","35","standard (Trikamji) 15.36","36","36","1","35 as printed by Kaviratna; standard (Trikamji) 15.36","dhatu-formation","https://nighantu.ageayurveda.com/concept/dhatu-formation/"
"Charaka Samhita","Chikitsa","15","Kaviratna","38 as printed by Kaviratna","38","38","standard (Trikamji) 15.39","39","39","1","38 as printed by Kaviratna; standard (Trikamji) 15.39","dhatu-formation","https://nighantu.ageayurveda.com/concept/dhatu-formation/"
"Charaka Samhita","Vimana","2","Kaviratna","Kaviratna's aphorism 20","20","20","Vi.2/12","12","12","-8","Kaviratna's aphorism 20 (cited in the modern vulgate as Vi.2/12)","ama-formation","https://nighantu.ageayurveda.com/concept/ama-formation/"
"Charaka Samhita","Vimana","2","Kaviratna","Kaviratna's aphorism 16","16","16","Vi.2/9","9","9","-7","Kaviratna's aphorism 16 (cited in the modern vulgate as Vi.2/9)","ama-formation","https://nighantu.ageayurveda.com/concept/ama-formation/"
"Charaka Samhita","Chikitsa","15","Kaviratna","Lesson XV, verse 2","2","2","15/3 (modern vulgate numbering used by carakasamhitaonline)","3","3","1","Kaviratna's Lesson XV, verse 2 (= 15/3 in the modern vulgate numbering used by carakasamhitaonline; Kaviratna merges the two opening aphorisms, so his numbers run one behind for this chapter)","agni-and-digestion","https://nighantu.ageayurveda.com/concept/agni-and-digestion/"
"Charaka Samhita","Chikitsa","15","Kaviratna","Lesson XV, verse 3","3","3","15/4 vulgate","4","4","1","Kaviratna's Lesson XV, verse 3 (= 15/4 vulgate)","agni-and-digestion","https://nighantu.ageayurveda.com/concept/agni-and-digestion/"
"Charaka Samhita","Chikitsa","15","Kaviratna","Lesson XV, verses 6-7","6","7","vulgate Ci.15/7-8","7","8","1","Kaviratna's Lesson XV, verses 6-7 (= vulgate Ci.15/7-8)","agni-and-digestion","https://nighantu.ageayurveda.com/concept/agni-and-digestion/"
"Charaka Samhita","Vimana","6","Kaviratna","aphorisms 14-15","14","15","Vi.6/12","12","12",,"Kaviratna's aphorisms 14-15 (cited in the modern vulgate as Vi.6/12)","agni-and-digestion","https://nighantu.ageayurveda.com/concept/agni-and-digestion/"
"Charaka Samhita","Nidana","4","Kaviratna","Kaviratna's aphorism 3 (Nidana Sthana, chapter 4, Prameha Nidana)","3","3","Nidana 4.4 (Trikamji numbering)","4","4","1","Kaviratna's aphorism 3, his number printed after the aphorism. The Sanskrit clause is numbered 4 in the Trikamji-based text retrieved (carakasamhitaonline, Prameha Nidana): Kaviratna runs one behind here","dosha-dushya-sammurchana","https://nighantu.ageayurveda.com/concept/dosha-dushya-sammurchana/"
"Charaka Samhita","Sutra","1","Kaviratna","verse 23 (Kaviratna)","23","23","1.24 (standard Trikamji numbering)","24","24","1","1.24 (standard Trikamji numbering); printed as verse 23 by Kaviratna","chikitsa-sutra","https://nighantu.ageayurveda.com/concept/chikitsa-sutra/"
"Charaka Samhita","Sutra","1","Kaviratna","verses 43-44 (Kaviratna)","43","44","1.44-1.45 (standard Trikamji numbering)","44","45","1","1.44-1.45 (standard Trikamji numbering); printed as verses 43-44 by Kaviratna","chikitsa-sutra","https://nighantu.ageayurveda.com/concept/chikitsa-sutra/"
"Charaka Samhita","Sutra","1","Kaviratna","verse 133 (Kaviratna)","133","133","1.134 (standard Trikamji numbering)","134","134","1","1.134 (standard Trikamji numbering); printed as verse 133 by Kaviratna","chikitsa-sutra","https://nighantu.ageayurveda.com/concept/chikitsa-sutra/"
"Charaka Samhita","Sutra","9","Kaviratna","verse 1 (Kaviratna)","1","1","9.3 (standard Trikamji numbering)","3","3","2","9.3 (standard Trikamji numbering); printed as verse 1 by Kaviratna","chikitsa-sutra","https://nighantu.ageayurveda.com/concept/chikitsa-sutra/"
"Charaka Samhita","Sutra","9","Kaviratna","verses 2-3 (Kaviratna)","2","3","9.4-9.5 (standard Trikamji numbering)","4","5","2","9.4-9.5 (standard Trikamji numbering); printed as verses 2-3 by Kaviratna","chikitsa-sutra","https://nighantu.ageayurveda.com/concept/chikitsa-sutra/"
"Charaka Samhita","Sutra","23","Kaviratna","Kaviratna's printed markers 3 and 4 (and his 38 at the end of the lesson)","3","4","23.4-23.5 (standard/Trikamji; his 38 = standard 23.39)","4","5","1","Kaviratna's printed markers 3 and 4 do bracket the quoted sentence, as the field says, but he is one aphorism BEHIND the standard numbering in this lesson rather than zero-offset: his printed 3 closes what the vulgate numbers ||4|| ... and his printed 4 closes ||5|| ..., with the same offset at the end of the lesson where his 38 is standard ||39||.","chikitsa-sutra","https://nighantu.ageayurveda.com/concept/chikitsa-sutra/"
"Charaka Samhita","Vimana","8","Kaviratna","Aphorism 123 (Kaviratna's own numbering, printed after the sattva-sara paragraph; OCR'd '12'')","123","123","Vimanasthana 8.110 (modern vulgate, Yadavji Trikamji, as printed by carakasamhitaonline)","110","110","-13","8.110 for the sattva-sara paragraph. NUMBERING DECLARED: these are modern-vulgate (Yadavji Trikamji) verse numbers as printed by carakasamhitaonline ... That page gives ... 110 to 'smRutimanto bhaktimantaH ... sattvasArAH| teShAM svalakShaNaireva guNA vyAkhyAtAH||110||' ... KAVIRATNA'S OWN NUMBERING, which is what the entry previously gave, supports only ONE of its two numbers: 123, printed after the sattva-sara paragraph (OCR'd '12''). 'Aphorism 116' must be removed outright, not corrected to another figure, because no marker of any kind is printed at the eight-saras introduction in the BIUSante_47357 scan ... Kaviratna's numbers in this stretch therefore run roughly thirteen ahead of the vulgate","manas-in-health","https://nighantu.ageayurveda.com/concept/manas-in-health/"
"Charaka Samhita","Sutra","7","Kaviratna","Lesson VII, verse 49 in Kaviratna's numbering","49","49","Sutra 7/51","51","51","2","49 (Kaviratna); the same verse is numbered Sutra 7/51 in the standard numbering printed by carakasamhitaonline, where the Sanskrit was verified","prajnaparadha","https://nighantu.ageayurveda.com/concept/prajnaparadha/"
"Charaka Samhita","Nidana","1","Kaviratna","Lesson I, aphorism 3","3","3","Ni. 1/5-1/9 (Trikamji numbering); the five-fold line itself is Ni. 1/6","5","9",,"Ni. 1/5-1/9 in the Trikamji numbering; the five-fold line itself is Ni. 1/6. Kaviratna prints this whole run as his single aphorism 3.","nidana-panchaka","https://nighantu.ageayurveda.com/concept/nidana-panchaka/"
"Charaka Samhita","Nidana","1","Kaviratna","Lesson I, aphorism 4","4","4","Ni. 1/10 (Trikamji numbering)","10","10","6","Ni. 1/10 in the Trikamji numbering; Kaviratna's aphorism 4","nidana-panchaka","https://nighantu.ageayurveda.com/concept/nidana-panchaka/"
"Charaka Samhita","Nidana","1","Kaviratna","Lesson I, aphorisms 5-6","5","6","Ni. 1/11-1/12 (Trikamji numbering)","11","12","6","Ni. 1/11-1/12 in the Trikamji numbering; Kaviratna's aphorisms 5-6","nidana-panchaka","https://nighantu.ageayurveda.com/concept/nidana-panchaka/"
"Charaka Samhita","Nidana","1","Kaviratna","Lesson I, aphorisms 7-10","7","10","Ni. 1/12 (Trikamji numbering); sub-parts numbered 12.1 to 12.5 on carakasamhitaonline","12","12",,"Ni. 1/12 in the Trikamji numbering, whose sub-parts carakasamhitaonline numbers 12.1 to 12.5; Kaviratna's aphorisms 7-10","nidana-panchaka","https://nighantu.ageayurveda.com/concept/nidana-panchaka/"
"Charaka Samhita","Vimana","4","Kaviratna","Lesson IV, aphorism 2","2","2","Vi. 4/3 (Trikamji numbering)","3","3","1","Vi. 4/3 in the Trikamji numbering; Kaviratna's aphorism 2","nidana-panchaka","https://nighantu.ageayurveda.com/concept/nidana-panchaka/"
"Charaka Samhita","Nidana","1","Kaviratna","Kaviratna's aphorism 5","5","5","Ni. 1/11 in the Trikamji numbering","11","11","6","Ni. 1/11 in the Trikamji numbering; Kaviratna's aphorism 5, printed after the aphorism","samprapti","https://nighantu.ageayurveda.com/concept/samprapti/"
"Charaka Samhita","Nidana","1","Kaviratna","Kaviratna's aphorism 6","6","6","Ni. 1/12 in the Trikamji numbering","12","12","6","Ni. 1/12 in the Trikamji numbering; Kaviratna's aphorism 6, printed after the aphorism","samprapti","https://nighantu.ageayurveda.com/concept/samprapti/"
"Charaka Samhita","Vimana","5","Kaviratna","Kaviratna's aphorism 31","31","31","Ca.Vi.5/24","24","24","-7","Ca.Vi.5/24 (standard). Kaviratna prints 31 after it; in this chapter his numbering runs seven ahead of the standard numbering from standard 5/10 onward","srotas-system","https://nighantu.ageayurveda.com/concept/srotas-system/"
"Charaka Samhita","Vimana","5","Kaviratna","Kaviratna's aphorisms 17-30","17","30","Ca.Vi.5/10-23","10","23","-7","Ca.Vi.5/10-23 (standard). Kaviratna's aphorisms 17-30, printed after each verse; seven ahead of the standard numbering throughout this block","srotas-system","https://nighantu.ageayurveda.com/concept/srotas-system/"
"Charaka Samhita","Sutra","1","Kaviratna","Kaviratna prints 56 after the paragraph","56","56","Ca. Su. 1.57 (standard Trikamji numbering)","57","57","1","Ca. Su. 1.57 (standard Trikamji numbering). Kaviratna prints 56 after the paragraph","tridosha-theory","https://nighantu.ageayurveda.com/concept/tridosha-theory/"
"Charaka Samhita","Sutra","1","Kaviratna","Kaviratna prints 58, 59 and 60 after the three paragraphs","58","60","Ca. Su. 1.59-61 (standard Trikamji numbering)","59","61","1","Ca. Su. 1.59-61 (standard Trikamji numbering). Kaviratna prints 58, 59 and 60 after the three paragraphs; the OCR renders the last two as '69' and '80'","tridosha-theory","https://nighantu.ageayurveda.com/concept/tridosha-theory/"
"Charaka Samhita","Sutra","12","Kaviratna","Kaviratna splits the aphorism and prints 6 after the normal-function sentence and 7 after the excited-function sentence","6","7","Ca. Su. 12.8 (standard Trikamji numbering)","8","8",,"Ca. Su. 12.8 (standard Trikamji numbering). Kaviratna splits the aphorism and prints 6 after the normal-function sentence and 7 after the excited-function sentence","tridosha-theory","https://nighantu.ageayurveda.com/concept/tridosha-theory/"
"Charaka Samhita","Sutra","16","Kaviratna","Kaviratna prints 17","17","17","16.20 (standard Trikamji numbering)","20","20","3","16.20 (standard Trikamji numbering); Kaviratna prints 17","shodhana-shamana","https://nighantu.ageayurveda.com/concept/shodhana-shamana/"
"Charaka Samhita","Sutra","16","Kaviratna","Kaviratna prints 10 to 13","10","13","16.13-16.16 (standard Trikamji numbering)","13","16","3","16.13-16.16 (standard Trikamji numbering); Kaviratna prints 10 to 13","shodhana-shamana","https://nighantu.ageayurveda.com/concept/shodhana-shamana/"
"Charaka Samhita","Sutra","22","Kaviratna","Kaviratna prints 7 to 9","7","9","22.9-22.12a (standard Trikamji numbering)","9","12",,"22.9-22.12a (standard Trikamji numbering); Kaviratna prints 7 to 9. CORRECTED 2026-10-06 from '22.9-22.11'","shodhana-shamana","https://nighantu.ageayurveda.com/concept/shodhana-shamana/"
"Charaka Samhita","Sutra","7","Kaviratna","Kaviratna's printed numbers 4-6","4","6","Standard numbering 6-8","6","8","2","Kaviratna's printed numbers 4-6 (the quote ends at his 6; his 7, the stool treatment, is not quoted). Standard numbering 6-8.","vega-dharana","https://nighantu.ageayurveda.com/concept/vega-dharana/"
"Charaka Samhita","Sutra","7","Kaviratna","Kaviratna's printed numbers 20-23","20","23","Standard numbering 22-25","22","25","2","Kaviratna's printed numbers 20-23 (the scan shows '22' twice; the second is read as 23). Standard numbering 22-25.","vega-dharana","https://nighantu.ageayurveda.com/concept/vega-dharana/"
"Charaka Samhita","Sutra","7","Kaviratna","Kaviratna's printed numbers 24-28","24","28","Standard numbering 26-30","26","30","2","Kaviratna's printed numbers 24-28 (the scan prints '26' and '28-27' irregularly; read as 24, 25, 26-27, 28). Standard numbering 26-30.","vega-dharana","https://nighantu.ageayurveda.com/concept/vega-dharana/"
"Charaka Samhita","Sutra","7","Kaviratna","Kaviratna's printed numbers 29-32","29","32","Standard numbering 31-34","31","34","2","Kaviratna's printed numbers 29-32. Standard numbering 31-34.","vega-dharana","https://nighantu.ageayurveda.com/concept/vega-dharana/"
"Charaka Samhita","Sutra","1","Kaviratna","Kaviratna prints 43 and 44","43","44","standard (Trikamji) Sutrasthana 1.44-1.45","44","45","1","Kaviratna prints 43 and 44 after the two sentences; standard (Trikamji) Sutrasthana 1.44-1.45","tissue-need-and-lack","https://nighantu.ageayurveda.com/concept/tissue-need-and-lack/"
"Charaka Samhita","Sutra","17","Kaviratna","Kaviratna prints 74-75","74","75","standard (Trikamji) Sutrasthana 17.76-17.77","76","77","2","Kaviratna prints 74-75 after the passage; standard (Trikamji) Sutrasthana 17.76-17.77","tissue-need-and-lack","https://nighantu.ageayurveda.com/concept/tissue-need-and-lack/"
"Charaka Samhita","Sutra","21","Kaviratna","Kaviratna prints 2 and 3","2","3","standard (Trikamji) Sutrasthana 21.3-21.4 (first part)","3","4","1","Kaviratna prints 2 and 3 after these sentences; standard (Trikamji) Sutrasthana 21.3-21.4 (first part)","tissue-need-and-lack","https://nighantu.ageayurveda.com/concept/tissue-need-and-lack/"
"Charaka Samhita","Sutra","21","Kaviratna","Kaviratna prints 7-8","7","8","standard (Trikamji) Sutrasthana 21.11-21.12","11","12","4","Kaviratna prints 7-8 after the sentence; standard (Trikamji) Sutrasthana 21.11-21.12","tissue-need-and-lack","https://nighantu.ageayurveda.com/concept/tissue-need-and-lack/"
"Charaka Samhita","Sutra","21","Kaviratna","Kaviratna prints 12 and 13","12","13","standard (Trikamji) Sutrasthana 21.16-21.17","16","17","4","Kaviratna prints 12 and 13 after these sentences; standard (Trikamji) Sutrasthana 21.16-21.17","tissue-need-and-lack","https://nighantu.ageayurveda.com/concept/tissue-need-and-lack/"
